timestamp,iso_time,latitude,longitude,brightness,frp,confidence,satellite,source
1722905680,2024-08-06T00:54:40+00:00,51.63387,35.2517,381.0,34.0,high,Aqua,synthetic_firms_schema
1722908202,2024-08-06T01:36:42+00:00,51.25723,35.32616,343.3,58.8,high,NOAA-20,synthetic_firms_schema
1722905781,2024-08-06T00:56:21+00:00,51.15062,35.6132,365.1,58.8,high,Aqua,synthetic_firms_schema
1722908125,2024-08-06T01:35:25+00:00,51.3749,35.27646,360.3,38.3,high,NOAA-20,synthetic_firms_schema
1722907732,2024-08-06T01:28:52+00:00,51.69544,36.28614,344.1,26.7,high,NOAA-20,synthetic_firms_schema
1722902718,2024-08-06T00:05:18+00:00,51.31878,35.49584,387.7,22.2,high,Aqua,synthetic_firms_schema
1722913094,2024-08-06T02:58:14+00:00,51.7029,36.15775,358.5,20.0,low,NOAA-20,synthetic_firms_schema
1722912690,2024-08-06T02:51:30+00:00,51.67155,35.35495,321.3,32.2,high,NOAA-20,synthetic_firms_schema
1722915362,2024-08-06T03:36:02+00:00,51.65107,35.11027,336.5,18.1,nominal,Suomi-NPP,synthetic_firms_schema
1722917061,2024-08-06T04:04:21+00:00,51.68085,35.28893,338.0,8.4,high,Suomi-NPP,synthetic_firms_schema
1722920343,2024-08-06T04:59:03+00:00,51.57517,35.13895,363.1,34.4,nominal,NOAA-20,synthetic_firms_schema
1722917296,2024-08-06T04:08:16+00:00,51.49084,35.67614,352.2,40.6,high,NOAA-20,synthetic_firms_schema
1722919009,2024-08-06T04:36:49+00:00,51.6297,35.28391,370.0,71.5,nominal,Aqua,synthetic_firms_schema
1722923578,2024-08-06T05:52:58+00:00,51.78879,36.15558,315.9,19.9,high,Suomi-NPP,synthetic_firms_schema
1722921196,2024-08-06T05:13:16+00:00,51.45333,34.85376,356.7,59.1,high,Suomi-NPP,synthetic_firms_schema
1722922934,2024-08-06T05:42:14+00:00,51.60405,35.2141,354.9,79.6,nominal,Aqua,synthetic_firms_schema
1722929156,2024-08-06T07:25:56+00:00,51.38338,34.83829,310.0,23.9,high,Suomi-NPP,synthetic_firms_schema
1722934155,2024-08-06T08:49:15+00:00,51.39305,34.80285,368.7,47.2,high,NOAA-20,synthetic_firms_schema
1722931436,2024-08-06T08:03:56+00:00,51.62654,35.29609,360.7,67.1,high,NOAA-20,synthetic_firms_schema
1722926191,2024-08-06T06:36:31+00:00,51.64721,35.11911,380.6,14.5,low,Suomi-NPP,synthetic_firms_schema
1722925953,2024-08-06T06:32:33+00:00,51.62015,35.35963,336.8,2.2,high,Aqua,synthetic_firms_schema
1722933969,2024-08-06T08:46:09+00:00,51.72398,36.17906,347.2,40.7,nominal,NOAA-20,synthetic_firms_schema
1722928189,2024-08-06T07:09:49+00:00,51.25138,35.62866,363.3,14.3,nominal,NOAA-20,synthetic_firms_schema
1722924414,2024-08-06T06:06:54+00:00,51.45062,34.85746,378.9,26.0,high,NOAA-20,synthetic_firms_schema
1722941908,2024-08-06T10:58:28+00:00,51.6288,35.33902,385.5,49.8,high,Suomi-NPP,synthetic_firms_schema
1722937759,2024-08-06T09:49:19+00:00,51.46085,34.90904,350.4,9.4,low,Suomi-NPP,synthetic_firms_schema
1722944092,2024-08-06T11:34:52+00:00,51.50418,35.65208,321.0,46.4,nominal,NOAA-20,synthetic_firms_schema
1722939157,2024-08-06T10:12:37+00:00,51.48864,34.83325,344.7,14.4,high,Suomi-NPP,synthetic_firms_schema
1722941467,2024-08-06T10:51:07+00:00,51.44565,34.93648,345.7,63.5,high,Aqua,synthetic_firms_schema
1722940646,2024-08-06T10:37:26+00:00,51.5259,35.57136,346.0,10.7,low,NOAA-20,synthetic_firms_schema
1722940666,2024-08-06T10:37:46+00:00,51.18621,35.62463,328.2,63.5,high,NOAA-20,synthetic_firms_schema
1722938932,2024-08-06T10:08:52+00:00,51.25107,35.41479,340.4,52.8,high,NOAA-20,synthetic_firms_schema
1722954412,2024-08-06T14:26:52+00:00,51.63915,35.24782,374.4,12.5,nominal,Aqua,synthetic_firms_schema
1722949653,2024-08-06T13:07:33+00:00,51.26834,35.41107,361.8,32.4,high,Suomi-NPP,synthetic_firms_schema
1722955391,2024-08-06T14:43:11+00:00,51.64897,35.03295,361.6,56.2,high,Suomi-NPP,synthetic_firms_schema
1722946847,2024-08-06T12:20:47+00:00,51.71018,36.16769,370.7,21.8,high,Aqua,synthetic_firms_schema
1722948348,2024-08-06T12:45:48+00:00,51.36705,35.36137,325.4,38.8,high,Suomi-NPP,synthetic_firms_schema
1722947735,2024-08-06T12:35:35+00:00,51.65012,35.23661,370.0,63.1,nominal,Suomi-NPP,synthetic_firms_schema
1722947856,2024-08-06T12:37:36+00:00,51.3297,35.47465,375.4,74.5,low,Aqua,synthetic_firms_schema
1722950983,2024-08-06T13:29:43+00:00,51.46596,34.85787,360.4,28.0,high,Suomi-NPP,synthetic_firms_schema
1722948401,2024-08-06T12:46:41+00:00,51.46171,35.6526,350.5,72.2,high,Aqua,synthetic_firms_schema
1722948731,2024-08-06T12:52:11+00:00,51.63876,35.19374,320.0,12.2,high,NOAA-20,synthetic_firms_schema
1722952542,2024-08-06T13:55:42+00:00,51.17605,35.20412,352.5,4.6,high,NOAA-20,synthetic_firms_schema
1722955128,2024-08-06T14:38:48+00:00,51.18281,35.63708,345.8,45.1,nominal,Aqua,synthetic_firms_schema
1722953719,2024-08-06T14:15:19+00:00,51.5223,35.68038,361.0,41.2,high,Suomi-NPP,synthetic_firms_schema
1722954635,2024-08-06T14:30:35+00:00,51.32283,34.85835,331.4,16.2,low,NOAA-20,synthetic_firms_schema
1722946408,2024-08-06T12:13:28+00:00,51.2275,35.296,332.5,53.3,nominal,Aqua,synthetic_firms_schema
1722949045,2024-08-06T12:57:25+00:00,51.40878,34.8072,352.1,54.6,high,Aqua,synthetic_firms_schema
1722964399,2024-08-06T17:13:19+00:00,51.18334,35.55438,333.5,6.4,high,Aqua,synthetic_firms_schema
1722961541,2024-08-06T16:25:41+00:00,51.60395,35.12986,330.1,5.1,high,NOAA-20,synthetic_firms_schema
1722966573,2024-08-06T17:49:33+00:00,51.23663,35.67021,335.3,26.6,high,NOAA-20,synthetic_firms_schema
1722958033,2024-08-06T15:27:13+00:00,51.4989,35.14678,372.9,51.8,low,Suomi-NPP,synthetic_firms_schema
1722962352,2024-08-06T16:39:12+00:00,51.7366,36.22351,311.1,30.1,low,Suomi-NPP,synthetic_firms_schema
1722961766,2024-08-06T16:29:26+00:00,51.39983,34.93485,310.6,54.5,low,Aqua,synthetic_firms_schema
1722964731,2024-08-06T17:18:51+00:00,51.63436,35.28898,389.6,75.0,low,NOAA-20,synthetic_firms_schema
1722957124,2024-08-06T15:12:04+00:00,51.66554,36.19508,377.9,77.6,nominal,NOAA-20,synthetic_firms_schema
1722962318,2024-08-06T16:38:38+00:00,51.37518,34.9539,315.6,71.4,low,Aqua,synthetic_firms_schema
1722960892,2024-08-06T16:14:52+00:00,51.65634,35.09957,361.4,58.5,low,Aqua,synthetic_firms_schema
1722964993,2024-08-06T17:23:13+00:00,51.50631,35.59329,382.1,57.8,low,Suomi-NPP,synthetic_firms_schema
1722960821,2024-08-06T16:13:41+00:00,51.68499,35.38813,314.8,28.1,high,Suomi-NPP,synthetic_firms_schema
1722957079,2024-08-06T15:11:19+00:00,51.50428,35.56575,330.0,72.2,high,Suomi-NPP,synthetic_firms_schema
1722960541,2024-08-06T16:09:01+00:00,51.19715,35.61465,372.7,65.0,low,NOAA-20,synthetic_firms_schema
1722958724,2024-08-06T15:38:44+00:00,51.31213,35.31174,371.1,29.5,nominal,NOAA-20,synthetic_firms_schema
1722959824,2024-08-06T15:57:04+00:00,51.29074,35.4154,336.9,48.0,nominal,NOAA-20,synthetic_firms_schema
1722967247,2024-08-06T18:00:47+00:00,51.43356,34.84115,370.6,71.9,high,Aqua,synthetic_firms_schema
1722970987,2024-08-06T19:03:07+00:00,51.62747,35.27034,347.7,33.9,nominal,Aqua,synthetic_firms_schema
1722975755,2024-08-06T20:22:35+00:00,51.73357,36.09288,331.3,66.0,high,Suomi-NPP,synthetic_firms_schema
1722967526,2024-08-06T18:05:26+00:00,51.21378,35.59021,365.6,79.8,high,NOAA-20,synthetic_firms_schema
1722974341,2024-08-06T19:59:01+00:00,51.69745,36.09021,341.9,55.1,low,NOAA-20,synthetic_firms_schema
1722971625,2024-08-06T19:13:45+00:00,51.66317,35.14254,353.4,49.9,high,Suomi-NPP,synthetic_firms_schema
1722976711,2024-08-06T20:38:31+00:00,51.2557,35.65924,325.3,42.7,low,Suomi-NPP,synthetic_firms_schema
1722976577,2024-08-06T20:36:17+00:00,51.66335,36.21527,342.8,36.2,low,NOAA-20,synthetic_firms_schema
1722970034,2024-08-06T18:47:14+00:00,51.24165,35.56378,388.1,49.9,low,Suomi-NPP,synthetic_firms_schema
1722972207,2024-08-06T19:23:27+00:00,51.61043,35.12273,369.5,14.7,high,Suomi-NPP,synthetic_firms_schema
1722974357,2024-08-06T19:59:17+00:00,51.24491,35.36219,385.9,75.7,low,NOAA-20,synthetic_firms_schema
1722972123,2024-08-06T19:22:03+00:00,51.38293,34.88434,337.0,3.3,high,Aqua,synthetic_firms_schema
1722974373,2024-08-06T19:59:33+00:00,51.66771,35.15898,344.2,77.2,high,NOAA-20,synthetic_firms_schema
1722972801,2024-08-06T19:33:21+00:00,51.71549,36.26046,372.7,14.0,nominal,Aqua,synthetic_firms_schema
1722970778,2024-08-06T18:59:38+00:00,51.17578,35.23452,378.1,52.2,high,Suomi-NPP,synthetic_firms_schema
1722975969,2024-08-06T20:26:09+00:00,51.42888,34.90031,335.6,63.0,high,Aqua,synthetic_firms_schema
1722981946,2024-08-06T22:05:46+00:00,51.18937,35.62694,371.0,37.1,nominal,Suomi-NPP,synthetic_firms_schema
1722978744,2024-08-06T21:12:24+00:00,51.7167,36.28213,376.5,10.4,high,Aqua,synthetic_firms_schema
1722981061,2024-08-06T21:51:01+00:00,51.36593,35.35113,378.2,10.0,nominal,Aqua,synthetic_firms_schema
1722987759,2024-08-06T23:42:39+00:00,51.32641,34.80652,358.7,37.9,low,Suomi-NPP,synthetic_firms_schema
1722983779,2024-08-06T22:36:19+00:00,51.18702,35.3896,341.0,79.8,nominal,Suomi-NPP,synthetic_firms_schema
1722986873,2024-08-06T23:27:53+00:00,51.58388,35.22452,326.0,37.4,nominal,NOAA-20,synthetic_firms_schema
1722981671,2024-08-06T22:01:11+00:00,51.46896,34.79787,359.7,74.4,high,NOAA-20,synthetic_firms_schema
1722980155,2024-08-06T21:35:55+00:00,51.70339,35.21419,340.8,57.8,high,Suomi-NPP,synthetic_firms_schema
1722987656,2024-08-06T23:40:56+00:00,51.20903,35.3006,364.7,21.5,high,Aqua,synthetic_firms_schema
1722988581,2024-08-06T23:56:21+00:00,51.74035,36.18181,314.8,18.9,high,NOAA-20,synthetic_firms_schema
1722981797,2024-08-06T22:03:17+00:00,51.29641,35.39444,316.7,20.8,high,NOAA-20,synthetic_firms_schema
1722987153,2024-08-06T23:32:33+00:00,51.63232,35.24541,373.8,37.2,low,NOAA-20,synthetic_firms_schema
1722983149,2024-08-06T22:25:49+00:00,51.71713,36.20825,374.0,54.2,high,Suomi-NPP,synthetic_firms_schema
1722984042,2024-08-06T22:40:42+00:00,51.34808,34.81905,349.8,19.9,low,Aqua,synthetic_firms_schema
1722978997,2024-08-06T21:16:37+00:00,51.64174,35.23523,340.8,16.2,high,Aqua,synthetic_firms_schema
1722982536,2024-08-06T22:15:36+00:00,51.43941,34.95287,320.8,58.1,low,NOAA-20,synthetic_firms_schema
1722989032,2024-08-07T00:03:52+00:00,51.68155,36.23222,332.3,40.3,nominal,Suomi-NPP,synthetic_firms_schema
1722991774,2024-08-07T00:49:34+00:00,51.26404,35.35353,356.3,41.3,nominal,Aqua,synthetic_firms_schema
1722989643,2024-08-07T00:14:03+00:00,51.44609,34.88301,374.3,69.7,high,NOAA-20,synthetic_firms_schema
1722989420,2024-08-07T00:10:20+00:00,51.21956,35.20242,353.1,21.2,low,Suomi-NPP,synthetic_firms_schema
1722990397,2024-08-07T00:26:37+00:00,51.32152,35.33999,312.6,21.9,nominal,Aqua,synthetic_firms_schema
1722999472,2024-08-07T02:57:52+00:00,51.44718,34.79201,344.2,63.9,nominal,NOAA-20,synthetic_firms_schema
1722995087,2024-08-07T01:44:47+00:00,51.63126,35.17867,351.4,16.8,low,Suomi-NPP,synthetic_firms_schema
1722991252,2024-08-07T00:40:52+00:00,51.56708,35.10528,326.1,18.5,high,Aqua,synthetic_firms_schema
1722996085,2024-08-07T02:01:25+00:00,51.4934,35.6078,338.8,4.2,low,Suomi-NPP,synthetic_firms_schema
1722994111,2024-08-07T01:28:31+00:00,51.29295,35.2271,379.0,30.5,low,Suomi-NPP,synthetic_firms_schema
1722992052,2024-08-07T00:54:12+00:00,51.62644,35.43637,359.2,23.0,low,Suomi-NPP,synthetic_firms_schema
1722988866,2024-08-07T00:01:06+00:00,51.24321,35.40805,318.3,48.9,nominal,Aqua,synthetic_firms_schema
1722991766,2024-08-07T00:49:26+00:00,51.2366,35.21783,330.4,48.8,low,NOAA-20,synthetic_firms_schema
1722991593,2024-08-07T00:46:33+00:00,51.23023,35.21156,357.7,48.5,high,Aqua,synthetic_firms_schema
1722991861,2024-08-07T00:51:01+00:00,51.38711,34.86616,387.4,70.3,low,NOAA-20,synthetic_firms_schema
1722994233,2024-08-07T01:30:33+00:00,51.40067,34.94877,387.8,67.5,high,NOAA-20,synthetic_firms_schema
1723007290,2024-08-07T05:08:10+00:00,51.46165,34.84516,315.2,64.5,low,NOAA-20,synthetic_firms_schema
1723005262,2024-08-07T04:34:22+00:00,51.41479,34.95226,342.5,8.7,low,Aqua,synthetic_firms_schema
1723000665,2024-08-07T03:17:45+00:00,51.18763,35.63014,316.6,4.7,high,Aqua,synthetic_firms_schema
1723000861,2024-08-07T03:21:01+00:00,51.35853,35.46656,368.6,10.4,high,Suomi-NPP,synthetic_firms_schema
1723004113,2024-08-07T04:15:13+00:00,51.22679,35.31806,311.2,35.3,nominal,Aqua,synthetic_firms_schema
1723005593,2024-08-07T04:39:53+00:00,51.66729,36.21074,329.1,71.4,nominal,NOAA-20,synthetic_firms_schema
1723001408,2024-08-07T03:30:08+00:00,51.43286,34.84725,345.0,15.3,high,Suomi-NPP,synthetic_firms_schema
1723005847,2024-08-07T04:44:07+00:00,51.31024,35.40849,310.2,58.6,low,Suomi-NPP,synthetic_firms_schema
1723003886,2024-08-07T04:11:26+00:00,51.76569,36.21327,339.7,19.0,low,Aqua,synthetic_firms_schema
1723001862,2024-08-07T03:37:42+00:00,51.72319,35.29566,358.3,71.7,high,Aqua,synthetic_firms_schema
1723008082,2024-08-07T05:21:22+00:00,51.5446,35.59922,383.4,50.1,high,Suomi-NPP,synthetic_firms_schema
1723004412,2024-08-07T04:20:12+00:00,51.6929,35.31621,385.4,32.9,nominal,Suomi-NPP,synthetic_firms_schema
1723006193,2024-08-07T04:49:53+00:00,51.48851,35.60462,356.3,49.6,high,Suomi-NPP,synthetic_firms_schema
1723006975,2024-08-07T05:02:55+00:00,51.42422,34.89124,374.5,27.9,high,NOAA-20,synthetic_firms_schema
1723006735,2024-08-07T04:58:55+00:00,51.75329,36.23768,385.4,32.2,low,Aqua,synthetic_firms_schema
1723006612,2024-08-07T04:56:52+00:00,51.2318,35.60867,327.1,56.1,high,Suomi-NPP,synthetic_firms_schema
1723013907,2024-08-07T06:58:27+00:00,51.32087,35.35181,322.3,47.9,low,Aqua,synthetic_firms_schema
1723020671,2024-08-07T08:51:11+00:00,51.27576,35.44517,369.5,2.8,high,Suomi-NPP,synthetic_firms_schema
1723015826,2024-08-07T07:30:26+00:00,51.2289,35.68463,313.0,40.3,low,NOAA-20,synthetic_firms_schema
1723014427,2024-08-07T07:07:07+00:00,51.2616,35.3683,389.7,2.8,high,Aqua,synthetic_firms_schema
1723015209,2024-08-07T07:20:09+00:00,51.63813,35.362,382.7,15.4,high,NOAA-20,synthetic_firms_schema
1723013007,2024-08-07T06:43:27+00:00,51.28015,35.2983,381.6,52.8,nominal,Suomi-NPP,synthetic_firms_schema
1723015880,2024-08-07T07:31:20+00:00,51.46254,34.89545,346.6,66.1,low,Suomi-NPP,synthetic_firms_schema
1723017541,2024-08-07T07:59:01+00:00,51.20144,35.68589,357.8,5.2,nominal,Aqua,synthetic_firms_schema
1723010804,2024-08-07T06:06:44+00:00,51.20301,35.57571,327.2,53.9,nominal,Suomi-NPP,synthetic_firms_schema
1723015464,2024-08-07T07:24:24+00:00,51.6139,35.32071,365.8,5.8,high,Suomi-NPP,synthetic_firms_schema
1723015954,2024-08-07T07:32:34+00:00,51.36766,35.31348,365.4,62.3,nominal,Aqua,synthetic_firms_schema
1723011108,2024-08-07T06:11:48+00:00,51.23216,35.28755,333.5,9.2,nominal,Aqua,synthetic_firms_schema
1723012013,2024-08-07T06:26:53+00:00,51.59238,35.1548,379.2,62.6,high,Suomi-NPP,synthetic_firms_schema
1723021076,2024-08-07T08:57:56+00:00,51.53093,35.62058,382.9,31.5,high,Suomi-NPP,synthetic_firms_schema
1723011637,2024-08-07T06:20:37+00:00,51.17576,35.36629,361.2,67.7,nominal,NOAA-20,synthetic_firms_schema
1723015223,2024-08-07T07:20:23+00:00,51.36338,34.86344,363.6,77.2,nominal,NOAA-20,synthetic_firms_schema
1723027802,2024-08-07T10:50:02+00:00,51.18435,35.28271,389.3,46.4,high,NOAA-20,synthetic_firms_schema
1723026222,2024-08-07T10:23:42+00:00,51.25883,35.24204,360.3,64.2,nominal,Aqua,synthetic_firms_schema
1723023279,2024-08-07T09:34:39+00:00,51.59411,35.09222,386.3,50.3,low,Aqua,synthetic_firms_schema
1723026781,2024-08-07T10:33:01+00:00,51.62242,35.10992,380.7,65.7,high,Aqua,synthetic_firms_schema
1723031539,2024-08-07T11:52:19+00:00,51.45265,34.95839,339.8,32.8,nominal,Suomi-NPP,synthetic_firms_schema
1723025603,2024-08-07T10:13:23+00:00,51.46568,34.76752,337.7,39.3,high,Aqua,synthetic_firms_schema
1723027480,2024-08-07T10:44:40+00:00,51.50398,35.56114,362.8,36.0,high,Aqua,synthetic_firms_schema
1723022030,2024-08-07T09:13:50+00:00,51.39399,34.74252,350.7,16.4,low,Suomi-NPP,synthetic_firms_schema
1723025743,2024-08-07T10:15:43+00:00,51.53727,35.63868,315.5,28.3,high,NOAA-20,synthetic_firms_schema
1723031954,2024-08-07T11:59:14+00:00,51.70896,36.16816,354.0,30.8,high,Aqua,synthetic_firms_schema
1723031556,2024-08-07T11:52:36+00:00,51.26166,35.30872,379.4,7.9,low,Aqua,synthetic_firms_schema
1723022996,2024-08-07T09:29:56+00:00,51.49987,35.57203,342.0,54.7,nominal,Aqua,synthetic_firms_schema
1723025927,2024-08-07T10:18:47+00:00,51.68364,35.39324,329.0,26.5,high,Aqua,synthetic_firms_schema
1723023360,2024-08-07T09:36:00+00:00,51.27573,35.45722,378.2,77.0,nominal,NOAA-20,synthetic_firms_schema
1723029328,2024-08-07T11:15:28+00:00,51.29985,35.41523,331.3,25.5,nominal,Aqua,synthetic_firms_schema
1723024019,2024-08-07T09:46:59+00:00,51.61522,35.19734,383.1,3.8,high,NOAA-20,synthetic_firms_schema
1723041636,2024-08-07T14:40:36+00:00,51.37659,34.8084,333.0,45.4,high,NOAA-20,synthetic_firms_schema
1723042785,2024-08-07T14:59:45+00:00,51.19903,35.62372,353.1,76.4,nominal,NOAA-20,synthetic_firms_schema
1723040987,2024-08-07T14:29:47+00:00,51.65434,35.2328,387.9,63.4,high,Suomi-NPP,synthetic_firms_schema
1723039823,2024-08-07T14:10:23+00:00,51.6325,35.24978,387.8,68.4,low,Aqua,synthetic_firms_schema
1723034319,2024-08-07T12:38:39+00:00,51.23332,35.27088,329.7,62.2,nominal,Aqua,synthetic_firms_schema
1723034358,2024-08-07T12:39:18+00:00,51.12906,35.27778,341.1,74.4,high,NOAA-20,synthetic_firms_schema
1723040771,2024-08-07T14:26:11+00:00,51.16545,35.53189,348.7,13.8,high,Aqua,synthetic_firms_schema
1723042496,2024-08-07T14:54:56+00:00,51.44681,34.97537,310.9,73.4,low,NOAA-20,synthetic_firms_schema
1723038153,2024-08-07T13:42:33+00:00,51.47436,35.63422,355.1,44.3,low,Suomi-NPP,synthetic_firms_schema
1723034245,2024-08-07T12:37:25+00:00,51.26282,35.3983,340.2,9.9,high,Aqua,synthetic_firms_schema
1723032783,2024-08-07T12:13:03+00:00,51.19708,35.24211,387.6,73.7,nominal,Aqua,synthetic_firms_schema
1723040455,2024-08-07T14:20:55+00:00,51.3535,34.83658,329.6,67.2,high,NOAA-20,synthetic_firms_schema
1723041698,2024-08-07T14:41:38+00:00,51.65041,35.34327,310.7,7.7,nominal,Aqua,synthetic_firms_schema
1723038480,2024-08-07T13:48:00+00:00,51.74997,36.26403,370.5,34.6,high,Suomi-NPP,synthetic_firms_schema
1723034116,2024-08-07T12:35:16+00:00,51.16336,35.31289,378.7,66.7,high,Aqua,synthetic_firms_schema
1723033946,2024-08-07T12:32:26+00:00,51.34648,35.3307,352.4,57.6,nominal,Aqua,synthetic_firms_schema
1723045734,2024-08-07T15:48:54+00:00,51.27048,35.63896,348.2,61.6,nominal,NOAA-20,synthetic_firms_schema
1723046270,2024-08-07T15:57:50+00:00,51.56182,35.6831,366.8,39.3,high,Aqua,synthetic_firms_schema
1723053444,2024-08-07T17:57:24+00:00,51.5178,35.59413,346.7,31.4,nominal,Aqua,synthetic_firms_schema
1723049710,2024-08-07T16:55:10+00:00,51.62408,35.25,384.1,9.8,nominal,Suomi-NPP,synthetic_firms_schema
1723046306,2024-08-07T15:58:26+00:00,51.18884,35.66245,316.9,39.6,high,Suomi-NPP,synthetic_firms_schema
1723043574,2024-08-07T15:12:54+00:00,51.43051,34.93164,354.7,37.6,nominal,NOAA-20,synthetic_firms_schema
1723047983,2024-08-07T16:26:23+00:00,51.61549,35.15409,370.5,16.9,high,Aqua,synthetic_firms_schema
1723050390,2024-08-07T17:06:30+00:00,51.47724,34.90149,313.4,23.3,low,NOAA-20,synthetic_firms_schema
1723049858,2024-08-07T16:57:38+00:00,51.28051,35.31382,317.1,76.9,high,NOAA-20,synthetic_firms_schema
1723052895,2024-08-07T17:48:15+00:00,51.59429,35.27684,342.2,26.0,nominal,NOAA-20,synthetic_firms_schema
1723053411,2024-08-07T17:56:51+00:00,51.31622,35.38747,348.3,42.2,high,Aqua,synthetic_firms_schema
1723044492,2024-08-07T15:28:12+00:00,51.29415,35.35118,320.2,51.6,high,Suomi-NPP,synthetic_firms_schema
1723045785,2024-08-07T15:49:45+00:00,51.26837,35.326,369.3,63.9,low,NOAA-20,synthetic_firms_schema
1723043321,2024-08-07T15:08:41+00:00,51.57357,35.30043,379.3,27.9,nominal,NOAA-20,synthetic_firms_schema
1723048736,2024-08-07T16:38:56+00:00,51.3108,35.31125,380.4,2.3,nominal,Aqua,synthetic_firms_schema
1723042977,2024-08-07T15:02:57+00:00,51.59425,35.19631,337.9,20.6,low,NOAA-20,synthetic_firms_schema
1723057054,2024-08-07T18:57:34+00:00,51.39606,34.80364,371.8,19.3,low,Suomi-NPP,synthetic_firms_schema
1723062334,2024-08-07T20:25:34+00:00,51.77014,36.23865,323.4,70.5,low,Suomi-NPP,synthetic_firms_schema
1723060760,2024-08-07T19:59:20+00:00,51.67325,36.19347,376.7,53.7,high,Aqua,synthetic_firms_schema
1723058902,2024-08-07T19:28:22+00:00,51.28849,35.57014,338.1,73.6,high,Aqua,synthetic_firms_schema
1723062305,2024-08-07T20:25:05+00:00,51.42962,34.9355,366.6,37.4,nominal,Aqua,synthetic_firms_schema
1723063867,2024-08-07T20:51:07+00:00,51.62641,35.27434,375.6,45.7,high,NOAA-20,synthetic_firms_schema
1723060359,2024-08-07T19:52:39+00:00,51.25278,35.37619,314.8,22.2,high,NOAA-20,synthetic_firms_schema
1723060498,2024-08-07T19:54:58+00:00,51.63866,35.19354,354.7,52.0,high,Suomi-NPP,synthetic_firms_schema
1723063006,2024-08-07T20:36:46+00:00,51.4098,34.86022,314.8,48.3,high,Suomi-NPP,synthetic_firms_schema
1723053727,2024-08-07T18:02:07+00:00,51.38848,34.80988,355.1,32.6,low,NOAA-20,synthetic_firms_schema
1723061299,2024-08-07T20:08:19+00:00,51.65223,35.26647,353.1,27.2,low,NOAA-20,synthetic_firms_schema
1723057808,2024-08-07T19:10:08+00:00,51.73264,36.16904,316.7,38.0,high,NOAA-20,synthetic_firms_schema
1723063355,2024-08-07T20:42:35+00:00,51.67179,35.33441,315.7,47.9,high,Aqua,synthetic_firms_schema
1723057474,2024-08-07T19:04:34+00:00,51.67719,35.26849,313.2,37.9,nominal,Aqua,synthetic_firms_schema
1723063896,2024-08-07T20:51:36+00:00,51.71796,36.23622,332.5,17.9,low,Suomi-NPP,synthetic_firms_schema
1723059229,2024-08-07T19:33:49+00:00,51.79144,36.26688,347.2,35.2,high,Aqua,synthetic_firms_schema
1723070990,2024-08-07T22:49:50+00:00,51.23673,35.26172,380.5,45.9,low,Suomi-NPP,synthetic_firms_schema
1723072285,2024-08-07T23:11:25+00:00,51.34796,35.41017,368.9,33.7,low,NOAA-20,synthetic_firms_schema
1723073071,2024-08-07T23:24:31+00:00,51.34145,35.33398,376.3,68.9,nominal,NOAA-20,synthetic_firms_schema
1723073139,2024-08-07T23:25:39+00:00,51.7368,35.27766,332.6,76.2,low,Aqua,synthetic_firms_schema
1723072238,2024-08-07T23:10:38+00:00,51.2934,35.42197,315.6,58.7,nominal,NOAA-20,synthetic_firms_schema
1723072281,2024-08-07T23:11:21+00:00,51.65878,36.296,311.5,45.8,low,Suomi-NPP,synthetic_firms_schema
1723067292,2024-08-07T21:48:12+00:00,51.6481,35.2452,355.8,41.1,low,Suomi-NPP,synthetic_firms_schema
1723067707,2024-08-07T21:55:07+00:00,51.27609,35.63413,345.4,41.8,high,NOAA-20,synthetic_firms_schema
1723065292,2024-08-07T21:14:52+00:00,51.21191,35.62159,346.4,23.5,nominal,NOAA-20,synthetic_firms_schema
1723074505,2024-08-07T23:48:25+00:00,51.54168,35.26637,355.3,47.0,high,Aqua,synthetic_firms_schema
1723072056,2024-08-07T23:07:36+00:00,51.59465,35.26483,357.7,54.4,high,NOAA-20,synthetic_firms_schema
1723071204,2024-08-07T22:53:24+00:00,51.44389,35.04826,362.1,54.5,nominal,Aqua,synthetic_firms_schema
1723070460,2024-08-07T22:41:00+00:00,51.23586,35.31151,347.8,79.3,high,NOAA-20,synthetic_firms_schema
1723072932,2024-08-07T23:22:12+00:00,51.43453,34.90127,332.1,62.6,low,Aqua,synthetic_firms_schema
1723065898,2024-08-07T21:24:58+00:00,51.70064,36.15747,329.7,50.5,high,Aqua,synthetic_firms_schema
1723074239,2024-08-07T23:43:59+00:00,51.47571,35.60135,347.2,29.4,high,Suomi-NPP,synthetic_firms_schema
1723076961,2024-08-08T00:29:21+00:00,51.23739,35.24361,340.9,72.8,high,Aqua,synthetic_firms_schema
1723081276,2024-08-08T01:41:16+00:00,51.70321,36.19134,361.2,57.8,high,Aqua,synthetic_firms_schema
1723082951,2024-08-08T02:09:11+00:00,51.61843,35.2017,323.1,57.2,low,Suomi-NPP,synthetic_firms_schema
1723078614,2024-08-08T00:56:54+00:00,51.49735,35.59428,341.3,72.1,low,Aqua,synthetic_firms_schema
1723077675,2024-08-08T00:41:15+00:00,51.25066,35.63468,386.4,52.8,high,NOAA-20,synthetic_firms_schema
1723082469,2024-08-08T02:01:09+00:00,51.68966,35.26127,332.8,62.7,high,NOAA-20,synthetic_firms_schema
1723081066,2024-08-08T01:37:46+00:00,51.72501,36.20975,312.9,72.8,high,NOAA-20,synthetic_firms_schema
1723080588,2024-08-08T01:29:48+00:00,51.6537,35.15479,324.4,43.2,nominal,Suomi-NPP,synthetic_firms_schema
1723089910,2024-08-08T04:05:10+00:00,51.2701,35.40226,380.9,18.1,high,NOAA-20,synthetic_firms_schema
1723092887,2024-08-08T04:54:47+00:00,51.71052,35.32877,368.2,8.4,low,NOAA-20,synthetic_firms_schema
1723094465,2024-08-08T05:21:05+00:00,51.63763,35.24165,362.1,33.2,high,NOAA-20,synthetic_firms_schema
1723092729,2024-08-08T04:52:09+00:00,51.75711,36.16203,375.2,26.7,low,Suomi-NPP,synthetic_firms_schema
1723096118,2024-08-08T05:48:38+00:00,51.26556,35.59885,364.2,42.9,low,Suomi-NPP,synthetic_firms_schema
1723089389,2024-08-08T03:56:29+00:00,51.37279,35.42406,316.5,30.5,high,Aqua,synthetic_firms_schema
1723087773,2024-08-08T03:29:33+00:00,51.52866,35.51155,384.6,18.9,high,Suomi-NPP,synthetic_firms_schema
1723092828,2024-08-08T04:53:48+00:00,51.23312,35.44488,318.2,73.8,nominal,Aqua,synthetic_firms_schema
1723099756,2024-08-08T06:49:16+00:00,51.60542,35.07676,330.5,74.9,high,NOAA-20,synthetic_firms_schema
1723101427,2024-08-08T07:17:07+00:00,51.614,35.15016,385.4,23.2,low,Suomi-NPP,synthetic_firms_schema
1723100146,2024-08-08T06:55:46+00:00,51.30974,35.40092,357.7,67.4,nominal,Suomi-NPP,synthetic_firms_schema
1723105329,2024-08-08T08:22:09+00:00,51.30849,35.42986,313.7,16.9,high,NOAA-20,synthetic_firms_schema
1723105576,2024-08-08T08:26:16+00:00,51.27479,35.38281,384.6,57.0,low,NOAA-20,synthetic_firms_schema
1723103910,2024-08-08T07:58:30+00:00,51.66156,36.15429,343.9,77.7,low,Suomi-NPP,synthetic_firms_schema
1723106951,2024-08-08T08:49:11+00:00,51.13608,35.62008,364.9,39.5,high,Aqua,synthetic_firms_schema
1723105649,2024-08-08T08:27:29+00:00,51.24272,35.26751,325.3,15.8,high,NOAA-20,synthetic_firms_schema
1723118203,2024-08-08T11:56:43+00:00,51.55011,35.66551,366.8,49.8,high,NOAA-20,synthetic_firms_schema
1723110467,2024-08-08T09:47:47+00:00,51.19533,35.272,338.7,52.5,nominal,NOAA-20,synthetic_firms_schema
1723107958,2024-08-08T09:05:58+00:00,51.44912,34.78498,352.9,32.5,low,Suomi-NPP,synthetic_firms_schema
1723109537,2024-08-08T09:32:17+00:00,51.51159,35.57087,378.8,77.4,high,Suomi-NPP,synthetic_firms_schema
1723110308,2024-08-08T09:45:08+00:00,51.45259,34.81196,353.4,36.1,high,NOAA-20,synthetic_firms_schema
1723116323,2024-08-08T11:25:23+00:00,51.42071,34.83227,364.0,25.6,high,Aqua,synthetic_firms_schema
1723108350,2024-08-08T09:12:30+00:00,51.5579,35.15598,372.1,29.5,low,Aqua,synthetic_firms_schema
1723117691,2024-08-08T11:48:11+00:00,51.47484,34.9433,385.1,21.8,low,Suomi-NPP,synthetic_firms_schema
1723127189,2024-08-08T14:26:29+00:00,51.27236,35.60949,313.0,20.3,nominal,Suomi-NPP,synthetic_firms_schema
1723127423,2024-08-08T14:30:23+00:00,51.17121,35.56274,337.2,43.7,nominal,Suomi-NPP,synthetic_firms_schema
1723123494,2024-08-08T13:24:54+00:00,51.39495,35.4328,349.4,62.6,nominal,Suomi-NPP,synthetic_firms_schema
1723120071,2024-08-08T12:27:51+00:00,51.79894,36.31349,380.1,25.0,low,Suomi-NPP,synthetic_firms_schema
1723120041,2024-08-08T12:27:21+00:00,51.74585,36.12358,338.9,6.4,nominal,Aqua,synthetic_firms_schema
1723120659,2024-08-08T12:37:39+00:00,51.38993,34.73554,363.4,74.3,low,NOAA-20,synthetic_firms_schema
1723126995,2024-08-08T14:23:15+00:00,51.52294,35.55593,319.3,70.1,high,Aqua,synthetic_firms_schema
1723128564,2024-08-08T14:49:24+00:00,51.74422,36.14576,326.9,41.3,high,Aqua,synthetic_firms_schema
1723132824,2024-08-08T16:00:24+00:00,51.33065,35.3762,321.1,10.0,high,Suomi-NPP,synthetic_firms_schema
1723133021,2024-08-08T16:03:41+00:00,51.23523,35.26209,385.4,13.4,high,NOAA-20,synthetic_firms_schema
1723138701,2024-08-08T17:38:21+00:00,51.38126,35.39165,344.6,34.0,low,NOAA-20,synthetic_firms_schema
1723134995,2024-08-08T16:36:35+00:00,51.75602,36.23437,311.8,26.0,high,NOAA-20,synthetic_firms_schema
1723139647,2024-08-08T17:54:07+00:00,51.19305,35.18396,352.9,49.4,high,Suomi-NPP,synthetic_firms_schema
1723138221,2024-08-08T17:30:21+00:00,51.48828,35.54982,335.8,53.5,high,Aqua,synthetic_firms_schema
1723129959,2024-08-08T15:12:39+00:00,51.62407,35.20754,337.2,71.4,high,NOAA-20,synthetic_firms_schema
1723130186,2024-08-08T15:16:26+00:00,51.4716,35.70601,334.5,66.6,high,NOAA-20,synthetic_firms_schema
1723145842,2024-08-08T19:37:22+00:00,51.66719,35.20403,337.3,75.5,high,Aqua,synthetic_firms_schema
1723147235,2024-08-08T20:00:35+00:00,51.31951,35.4535,373.4,39.8,nominal,Aqua,synthetic_firms_schema
1723144048,2024-08-08T19:07:28+00:00,51.29771,35.32717,372.9,8.0,high,Suomi-NPP,synthetic_firms_schema
1723142339,2024-08-08T18:38:59+00:00,51.27514,35.4002,321.7,28.6,nominal,Suomi-NPP,synthetic_firms_schema
1723146666,2024-08-08T19:51:06+00:00,51.33628,35.35982,387.2,28.1,nominal,Aqua,synthetic_firms_schema
1723145492,2024-08-08T19:31:32+00:00,51.26437,35.33796,331.9,23.7,nominal,NOAA-20,synthetic_firms_schema
1723140305,2024-08-08T18:05:05+00:00,51.37943,34.86501,348.5,73.1,nominal,Aqua,synthetic_firms_schema
1723149762,2024-08-08T20:42:42+00:00,51.41577,34.9123,362.4,49.6,low,Aqua,synthetic_firms_schema
1723140465,2024-08-08T18:07:45+00:00,51.73254,36.1105,351.5,9.4,nominal,NOAA-20,synthetic_firms_schema
1723147596,2024-08-08T20:06:36+00:00,51.76102,36.15186,324.8,10.9,nominal,Suomi-NPP,synthetic_firms_schema
1723142214,2024-08-08T18:36:54+00:00,51.45661,34.93058,331.0,26.5,high,Suomi-NPP,synthetic_firms_schema
1723142286,2024-08-08T18:38:06+00:00,51.1601,35.68108,337.7,68.0,high,NOAA-20,synthetic_firms_schema
1723143160,2024-08-08T18:52:40+00:00,51.55604,35.52222,377.2,20.5,nominal,Suomi-NPP,synthetic_firms_schema
1723142112,2024-08-08T18:35:12+00:00,51.47632,35.60478,345.9,10.0,high,Aqua,synthetic_firms_schema
1723144978,2024-08-08T19:22:58+00:00,51.17605,35.60584,319.4,24.7,nominal,Aqua,synthetic_firms_schema
1723143236,2024-08-08T18:53:56+00:00,51.59582,35.08192,351.5,14.1,low,Aqua,synthetic_firms_schema
1723151665,2024-08-08T21:14:25+00:00,51.50097,34.9178,361.0,13.8,low,Suomi-NPP,synthetic_firms_schema
1723159335,2024-08-08T23:22:15+00:00,51.2397,35.31015,343.4,77.4,high,Aqua,synthetic_firms_schema
1723151735,2024-08-08T21:15:35+00:00,51.15526,35.54182,323.3,50.3,high,Suomi-NPP,synthetic_firms_schema
1723154340,2024-08-08T21:59:00+00:00,51.52002,35.70016,372.8,60.1,nominal,Suomi-NPP,synthetic_firms_schema
1723155111,2024-08-08T22:11:51+00:00,51.23647,35.60513,382.6,34.4,low,NOAA-20,synthetic_firms_schema
1723158182,2024-08-08T23:03:02+00:00,51.32414,35.40557,331.1,14.2,high,Suomi-NPP,synthetic_firms_schema
1723156363,2024-08-08T22:32:43+00:00,51.62742,35.27834,352.0,63.3,high,Suomi-NPP,synthetic_firms_schema
1723161544,2024-08-08T23:59:04+00:00,51.32863,34.8133,344.3,48.8,high,Aqua,synthetic_firms_schema
1723158491,2024-08-08T23:08:11+00:00,51.49227,35.72302,383.5,19.8,low,Aqua,synthetic_firms_schema
1723161136,2024-08-08T23:52:16+00:00,51.49931,35.58866,365.9,15.0,low,Aqua,synthetic_firms_schema
1723158562,2024-08-08T23:09:22+00:00,51.68413,35.25308,378.5,19.7,high,Aqua,synthetic_firms_schema
1723157368,2024-08-08T22:49:28+00:00,51.32498,35.30116,340.1,19.2,high,Suomi-NPP,synthetic_firms_schema
1723157177,2024-08-08T22:46:17+00:00,51.42425,34.85467,338.7,9.2,low,Suomi-NPP,synthetic_firms_schema
1723160375,2024-08-08T23:39:35+00:00,51.46171,35.60748,343.3,72.3,low,NOAA-20,synthetic_firms_schema
1723154323,2024-08-08T21:58:43+00:00,51.62237,35.18668,348.9,64.4,high,NOAA-20,synthetic_firms_schema
1723155297,2024-08-08T22:14:57+00:00,51.30432,35.48827,335.5,26.3,low,Suomi-NPP,synthetic_firms_schema
1723167112,2024-08-09T01:31:52+00:00,51.69156,35.27119,332.7,54.0,low,Suomi-NPP,synthetic_firms_schema
1723164155,2024-08-09T00:42:35+00:00,51.42572,35.73804,355.2,8.2,high,NOAA-20,synthetic_firms_schema
1723166610,2024-08-09T01:23:30+00:00,51.22236,35.34942,332.4,64.5,low,Aqua,synthetic_firms_schema
1723167113,2024-08-09T01:31:53+00:00,51.69551,36.16093,389.7,42.3,low,Aqua,synthetic_firms_schema
1723168804,2024-08-09T02:00:04+00:00,51.60772,35.30121,374.9,66.4,low,Aqua,synthetic_firms_schema
1723171130,2024-08-09T02:38:50+00:00,51.66063,35.24955,387.5,14.3,low,Suomi-NPP,synthetic_firms_schema
1723166959,2024-08-09T01:29:19+00:00,51.47272,34.85308,368.3,72.2,high,Suomi-NPP,synthetic_firms_schema
1723161747,2024-08-09T00:02:27+00:00,51.63386,35.18527,379.6,23.0,low,NOAA-20,synthetic_firms_schema
1723169639,2024-08-09T02:13:59+00:00,51.54967,35.61287,312.5,14.3,low,Suomi-NPP,synthetic_firms_schema
1723169566,2024-08-09T02:12:46+00:00,51.29294,35.41922,311.1,27.3,high,NOAA-20,synthetic_firms_schema
1723165420,2024-08-09T01:03:40+00:00,51.21027,35.26069,386.8,28.1,nominal,Aqua,synthetic_firms_schema
1723171963,2024-08-09T02:52:43+00:00,51.69376,35.21658,311.5,18.6,high,Aqua,synthetic_firms_schema
1723162392,2024-08-09T00:13:12+00:00,51.73299,36.13227,347.7,74.1,high,Suomi-NPP,synthetic_firms_schema
1723170763,2024-08-09T02:32:43+00:00,51.3698,34.84322,325.0,26.7,low,Suomi-NPP,synthetic_firms_schema
1723164041,2024-08-09T00:40:41+00:00,51.23128,35.24582,361.5,19.6,low,Aqua,synthetic_firms_schema
1723171501,2024-08-09T02:45:01+00:00,51.47646,34.90091,312.8,9.7,high,Suomi-NPP,synthetic_firms_schema
1723179915,2024-08-09T05:05:15+00:00,51.62569,35.35559,318.3,33.0,low,Suomi-NPP,synthetic_firms_schema
1723182416,2024-08-09T05:46:56+00:00,51.64141,35.20191,325.7,62.9,nominal,Aqua,synthetic_firms_schema
1723177756,2024-08-09T04:29:16+00:00,51.51089,35.64836,333.3,40.8,high,Aqua,synthetic_firms_schema
1723177674,2024-08-09T04:27:54+00:00,51.43952,34.94125,355.8,77.4,high,NOAA-20,synthetic_firms_schema
1723172901,2024-08-09T03:08:21+00:00,51.12907,35.19218,327.5,75.5,high,Suomi-NPP,synthetic_firms_schema
1723173666,2024-08-09T03:21:06+00:00,51.50201,35.65817,372.0,14.6,low,NOAA-20,synthetic_firms_schema
1723174694,2024-08-09T03:38:14+00:00,51.35369,35.30949,356.8,59.0,nominal,Suomi-NPP,synthetic_firms_schema
1723173318,2024-08-09T03:15:18+00:00,51.23073,35.41191,377.3,71.9,nominal,NOAA-20,synthetic_firms_schema
1723179107,2024-08-09T04:51:47+00:00,51.1787,35.68868,340.0,54.9,high,Suomi-NPP,synthetic_firms_schema
1723178331,2024-08-09T04:38:51+00:00,51.62329,35.26965,364.9,79.4,low,Aqua,synthetic_firms_schema
1723181068,2024-08-09T05:24:28+00:00,51.60493,35.11003,355.6,62.0,high,Suomi-NPP,synthetic_firms_schema
1723182145,2024-08-09T05:42:25+00:00,51.32059,35.45833,369.9,18.5,nominal,Suomi-NPP,synthetic_firms_schema
1723176139,2024-08-09T04:02:19+00:00,51.57326,35.23141,352.7,3.9,low,NOAA-20,synthetic_firms_schema
1723175778,2024-08-09T03:56:18+00:00,51.4282,34.81443,327.4,56.5,nominal,NOAA-20,synthetic_firms_schema
1723173062,2024-08-09T03:11:02+00:00,51.59635,35.10914,324.8,24.0,nominal,Aqua,synthetic_firms_schema
1723176407,2024-08-09T04:06:47+00:00,51.64593,35.04576,363.3,37.3,high,Aqua,synthetic_firms_schema
1723189145,2024-08-09T07:39:05+00:00,51.63614,35.30885,378.9,39.1,high,Suomi-NPP,synthetic_firms_schema
1723188600,2024-08-09T07:30:00+00:00,51.18627,35.31116,378.7,56.7,low,NOAA-20,synthetic_firms_schema
1723189536,2024-08-09T07:45:36+00:00,51.471,34.94037,312.2,35.6,high,Aqua,synthetic_firms_schema
1723185963,2024-08-09T06:46:03+00:00,51.23595,35.32355,328.9,35.6,low,Suomi-NPP,synthetic_firms_schema
1723188019,2024-08-09T07:20:19+00:00,51.18794,35.16275,388.1,41.3,high,NOAA-20,synthetic_firms_schema
1723187860,2024-08-09T07:17:40+00:00,51.37377,34.8946,329.1,57.4,low,Aqua,synthetic_firms_schema
1723188034,2024-08-09T07:20:34+00:00,51.32105,35.4361,379.4,40.7,high,NOAA-20,synthetic_firms_schema
1723193792,2024-08-09T08:56:32+00:00,51.31212,35.44967,353.6,11.2,high,NOAA-20,synthetic_firms_schema
1723187233,2024-08-09T07:07:13+00:00,51.68442,35.24533,362.3,23.7,low,Aqua,synthetic_firms_schema
1723193828,2024-08-09T08:57:08+00:00,51.384,34.8429,352.8,11.1,high,Aqua,synthetic_firms_schema
1723187895,2024-08-09T07:18:15+00:00,51.63707,35.18117,323.7,51.3,high,Suomi-NPP,synthetic_firms_schema
1723184172,2024-08-09T06:16:12+00:00,51.51338,35.11312,358.5,57.5,low,Suomi-NPP,synthetic_firms_schema
1723191494,2024-08-09T08:18:14+00:00,51.25189,35.39659,334.3,68.1,low,Aqua,synthetic_firms_schema
1723190912,2024-08-09T08:08:32+00:00,51.32036,35.31528,372.8,34.5,low,Aqua,synthetic_firms_schema
1723183887,2024-08-09T06:11:27+00:00,51.19304,35.64656,335.3,23.2,high,NOAA-20,synthetic_firms_schema
1723185649,2024-08-09T06:40:49+00:00,51.66846,35.26047,380.6,55.8,high,Aqua,synthetic_firms_schema
1723201971,2024-08-09T11:12:51+00:00,51.12366,35.67892,319.2,79.2,high,Suomi-NPP,synthetic_firms_schema
1723196468,2024-08-09T09:41:08+00:00,51.59379,35.10512,379.9,17.5,nominal,Aqua,synthetic_firms_schema
1723203254,2024-08-09T11:34:14+00:00,51.62883,35.15024,354.6,21.9,low,NOAA-20,synthetic_firms_schema
1723203998,2024-08-09T11:46:38+00:00,51.24113,35.41422,322.7,17.1,nominal,Suomi-NPP,synthetic_firms_schema
1723204417,2024-08-09T11:53:37+00:00,51.60699,35.35674,343.2,56.4,low,Suomi-NPP,synthetic_firms_schema
1723200952,2024-08-09T10:55:52+00:00,51.38236,34.74898,322.0,39.2,high,Aqua,synthetic_firms_schema
1723201466,2024-08-09T11:04:26+00:00,51.37144,34.87608,371.6,19.8,nominal,Aqua,synthetic_firms_schema
1723194587,2024-08-09T09:09:47+00:00,51.43416,34.79607,383.2,39.1,low,NOAA-20,synthetic_firms_schema
1723201797,2024-08-09T11:09:57+00:00,51.48863,34.88594,323.1,36.6,nominal,Aqua,synthetic_firms_schema
1723201822,2024-08-09T11:10:22+00:00,51.60638,35.23241,325.5,29.4,nominal,Aqua,synthetic_firms_schema
1723194912,2024-08-09T09:15:12+00:00,51.48759,34.85379,319.7,12.3,high,Suomi-NPP,synthetic_firms_schema
1723200668,2024-08-09T10:51:08+00:00,51.74175,36.18086,330.9,3.5,nominal,NOAA-20,synthetic_firms_schema
1723202833,2024-08-09T11:27:13+00:00,51.36576,35.43531,357.2,64.4,nominal,Aqua,synthetic_firms_schema
1723196423,2024-08-09T09:40:23+00:00,51.27015,35.68689,311.0,58.9,high,Aqua,synthetic_firms_schema
1723196341,2024-08-09T09:39:01+00:00,51.40439,34.88282,342.4,44.5,high,Aqua,synthetic_firms_schema
1723194978,2024-08-09T09:16:18+00:00,51.49686,35.72841,358.8,70.5,nominal,NOAA-20,synthetic_firms_schema
1723214359,2024-08-09T14:39:19+00:00,51.43579,34.96722,331.8,20.3,nominal,NOAA-20,synthetic_firms_schema
1723214799,2024-08-09T14:46:39+00:00,51.36117,34.90065,353.9,36.7,nominal,Suomi-NPP,synthetic_firms_schema
1723213000,2024-08-09T14:16:40+00:00,51.21846,35.20911,386.4,32.8,high,Suomi-NPP,synthetic_firms_schema
1723206898,2024-08-09T12:34:58+00:00,51.66482,35.13351,389.5,45.9,low,NOAA-20,synthetic_firms_schema
1723212291,2024-08-09T14:04:51+00:00,51.31252,35.43507,318.8,48.7,high,NOAA-20,synthetic_firms_schema
1723208744,2024-08-09T13:05:44+00:00,51.23225,35.44151,355.7,74.2,low,NOAA-20,synthetic_firms_schema
1723212688,2024-08-09T14:11:28+00:00,51.38844,34.85689,387.7,42.9,low,Suomi-NPP,synthetic_firms_schema
1723212632,2024-08-09T14:10:32+00:00,51.53288,35.64873,363.5,21.8,high,Suomi-NPP,synthetic_firms_schema
1723211571,2024-08-09T13:52:51+00:00,51.33968,35.30722,319.9,26.3,high,Suomi-NPP,synthetic_firms_schema
1723208712,2024-08-09T13:05:12+00:00,51.17912,35.64877,387.7,41.1,high,Aqua,synthetic_firms_schema
1723212265,2024-08-09T14:04:25+00:00,51.44475,34.83979,342.2,24.6,high,Aqua,synthetic_firms_schema
1723212075,2024-08-09T14:01:15+00:00,51.45563,35.52606,320.9,71.6,low,Suomi-NPP,synthetic_firms_schema
1723210135,2024-08-09T13:28:55+00:00,51.74322,36.15865,378.9,33.5,nominal,Aqua,synthetic_firms_schema
1723212200,2024-08-09T14:03:20+00:00,51.22148,35.26607,313.8,54.8,low,Aqua,synthetic_firms_schema
1723207217,2024-08-09T12:40:17+00:00,51.69916,36.2147,368.7,17.1,high,NOAA-20,synthetic_firms_schema
1723211264,2024-08-09T13:47:44+00:00,51.76364,36.20011,386.1,31.6,high,Aqua,synthetic_firms_schema
1723221921,2024-08-09T16:45:21+00:00,51.34586,35.51007,323.5,48.7,high,Suomi-NPP,synthetic_firms_schema
1723226374,2024-08-09T17:59:34+00:00,51.48708,35.57457,313.4,18.2,high,Suomi-NPP,synthetic_firms_schema
1723223347,2024-08-09T17:09:07+00:00,51.44833,34.95003,375.1,11.8,high,Suomi-NPP,synthetic_firms_schema
1723221397,2024-08-09T16:36:37+00:00,51.67158,35.3118,386.5,68.5,high,Suomi-NPP,synthetic_firms_schema
1723218602,2024-08-09T15:50:02+00:00,51.4747,35.67776,371.4,62.9,high,NOAA-20,synthetic_firms_schema
1723225461,2024-08-09T17:44:21+00:00,51.50295,35.58516,357.1,78.2,nominal,Aqua,synthetic_firms_schema
1723219328,2024-08-09T16:02:08+00:00,51.54979,35.25876,360.0,72.1,low,Suomi-NPP,synthetic_firms_schema
1723223703,2024-08-09T17:15:03+00:00,51.64351,35.27112,374.2,30.4,low,NOAA-20,synthetic_firms_schema
1723217468,2024-08-09T15:31:08+00:00,51.16653,35.27825,369.5,67.0,high,Suomi-NPP,synthetic_firms_schema
1723219339,2024-08-09T16:02:19+00:00,51.78229,36.09522,389.0,26.3,high,NOAA-20,synthetic_firms_schema
1723218446,2024-08-09T15:47:26+00:00,51.70119,35.32529,340.4,38.8,nominal,Aqua,synthetic_firms_schema
1723223771,2024-08-09T17:16:11+00:00,51.40284,35.47513,354.1,14.6,nominal,Aqua,synthetic_firms_schema
1723218317,2024-08-09T15:45:17+00:00,51.419,34.84985,367.8,38.5,nominal,Aqua,synthetic_firms_schema
1723220254,2024-08-09T16:17:34+00:00,51.50643,35.51027,335.6,38.1,low,Suomi-NPP,synthetic_firms_schema
1723218225,2024-08-09T15:43:45+00:00,51.26404,35.69897,359.8,49.2,high,Aqua,synthetic_firms_schema
1723225080,2024-08-09T17:38:00+00:00,51.22185,35.30487,316.8,63.3,high,Aqua,synthetic_firms_schema
1723230223,2024-08-09T19:03:43+00:00,51.35646,34.86849,388.5,40.2,high,Suomi-NPP,synthetic_firms_schema
1723227101,2024-08-09T18:11:41+00:00,51.60025,35.33752,386.9,13.8,nominal,Aqua,synthetic_firms_schema
1723237028,2024-08-09T20:57:08+00:00,51.63085,35.13671,363.4,18.2,low,Suomi-NPP,synthetic_firms_schema
1723228829,2024-08-09T18:40:29+00:00,51.29533,35.43224,351.5,74.6,high,Aqua,synthetic_firms_schema
1723226985,2024-08-09T18:09:45+00:00,51.4174,34.87184,334.8,21.9,high,NOAA-20,synthetic_firms_schema
1723228836,2024-08-09T18:40:36+00:00,51.51699,35.57657,335.8,24.7,nominal,Suomi-NPP,synthetic_firms_schema
1723230561,2024-08-09T19:09:21+00:00,51.68535,35.33919,331.0,6.2,high,Aqua,synthetic_firms_schema
1723235794,2024-08-09T20:36:34+00:00,51.70823,36.11532,364.5,43.4,high,Aqua,synthetic_firms_schema
1723233899,2024-08-09T20:04:59+00:00,51.75957,36.27411,372.6,12.9,nominal,NOAA-20,synthetic_firms_schema
1723231446,2024-08-09T19:24:06+00:00,51.65205,35.35743,359.8,62.1,high,Suomi-NPP,synthetic_firms_schema
1723226921,2024-08-09T18:08:41+00:00,51.29959,35.45147,353.9,28.0,high,Aqua,synthetic_firms_schema
1723232542,2024-08-09T19:42:22+00:00,51.44213,34.87917,322.9,75.2,low,Suomi-NPP,synthetic_firms_schema
1723236989,2024-08-09T20:56:29+00:00,51.24365,35.34952,371.7,74.4,high,NOAA-20,synthetic_firms_schema
1723231666,2024-08-09T19:27:46+00:00,51.72639,36.16324,349.1,66.9,nominal,NOAA-20,synthetic_firms_schema
1723234255,2024-08-09T20:10:55+00:00,51.65885,36.23279,349.2,78.0,high,Aqua,synthetic_firms_schema
1723236861,2024-08-09T20:54:21+00:00,51.51382,35.58263,313.9,69.3,high,NOAA-20,synthetic_firms_schema
1723244590,2024-08-09T23:03:10+00:00,51.43223,35.02326,357.1,19.2,high,NOAA-20,synthetic_firms_schema
1723240084,2024-08-09T21:48:04+00:00,51.59721,35.33983,352.5,53.3,high,NOAA-20,synthetic_firms_schema
1723239971,2024-08-09T21:46:11+00:00,51.2165,35.52708,379.4,54.5,high,Suomi-NPP,synthetic_firms_schema
1723246438,2024-08-09T23:33:58+00:00,51.59302,35.07411,350.8,70.4,nominal,Aqua,synthetic_firms_schema
1723237458,2024-08-09T21:04:18+00:00,51.68516,35.29651,355.6,62.1,low,Suomi-NPP,synthetic_firms_schema
1723238028,2024-08-09T21:13:48+00:00,51.19868,35.63875,379.0,38.1,high,NOAA-20,synthetic_firms_schema
1723243976,2024-08-09T22:52:56+00:00,51.26587,35.60427,364.1,79.0,low,Suomi-NPP,synthetic_firms_schema
1723247207,2024-08-09T23:46:47+00:00,51.67216,35.23022,336.2,57.9,nominal,NOAA-20,synthetic_firms_schema
1723247282,2024-08-09T23:48:02+00:00,51.66205,35.34375,386.4,38.2,high,Suomi-NPP,synthetic_firms_schema
1723238895,2024-08-09T21:28:15+00:00,51.48415,35.55602,366.8,17.9,high,NOAA-20,synthetic_firms_schema
1723238556,2024-08-09T21:22:36+00:00,51.63551,35.35611,360.7,21.8,high,NOAA-20,synthetic_firms_schema
1723244588,2024-08-09T23:03:08+00:00,51.72665,36.19561,377.0,23.9,low,Suomi-NPP,synthetic_firms_schema
1723247521,2024-08-09T23:52:01+00:00,51.64217,35.1227,332.0,57.0,low,NOAA-20,synthetic_firms_schema
1723244618,2024-08-09T23:03:38+00:00,51.2102,35.296,367.3,52.8,low,Aqua,synthetic_firms_schema
1723239194,2024-08-09T21:33:14+00:00,51.1573,35.39493,328.5,54.5,nominal,Aqua,synthetic_firms_schema
1723247482,2024-08-09T23:51:22+00:00,51.25227,35.64477,312.1,56.2,low,Suomi-NPP,synthetic_firms_schema
1723251285,2024-08-10T00:54:45+00:00,51.23903,35.58363,360.6,5.7,nominal,Suomi-NPP,synthetic_firms_schema
1723258321,2024-08-10T02:52:01+00:00,51.74452,36.10628,347.2,63.1,low,Suomi-NPP,synthetic_firms_schema
1723250581,2024-08-10T00:43:01+00:00,51.63623,35.25301,378.0,53.6,high,NOAA-20,synthetic_firms_schema
1723257696,2024-08-10T02:41:36+00:00,51.60667,35.13972,359.4,60.9,nominal,Aqua,synthetic_firms_schema
1723250588,2024-08-10T00:43:08+00:00,51.23061,35.70335,370.9,69.3,low,Aqua,synthetic_firms_schema
1723255607,2024-08-10T02:06:47+00:00,51.40119,34.87776,366.9,77.0,nominal,Aqua,synthetic_firms_schema
1723248062,2024-08-10T00:01:02+00:00,51.73761,36.29778,310.1,24.7,high,NOAA-20,synthetic_firms_schema
1723256542,2024-08-10T02:22:22+00:00,51.51448,35.54195,364.2,43.4,high,Suomi-NPP,synthetic_firms_schema
1723255809,2024-08-10T02:10:09+00:00,51.69518,36.2383,381.9,55.9,high,Aqua,synthetic_firms_schema
1723249579,2024-08-10T00:26:19+00:00,51.49456,35.57804,385.3,6.4,high,Aqua,synthetic_firms_schema
1723253556,2024-08-10T01:32:36+00:00,51.632,35.12669,380.3,71.5,high,Aqua,synthetic_firms_schema
1723248241,2024-08-10T00:04:01+00:00,51.73777,36.16401,315.1,40.0,high,Aqua,synthetic_firms_schema
1723253395,2024-08-10T01:29:55+00:00,51.35554,35.43594,313.8,63.3,nominal,NOAA-20,synthetic_firms_schema
1723248967,2024-08-10T00:16:07+00:00,51.22277,35.6482,380.4,32.6,nominal,Suomi-NPP,synthetic_firms_schema
1723253296,2024-08-10T01:28:16+00:00,51.24435,35.25038,357.0,12.9,high,Suomi-NPP,synthetic_firms_schema
1723254293,2024-08-10T01:44:53+00:00,51.47831,35.66119,313.6,77.3,nominal,NOAA-20,synthetic_firms_schema
1723260606,2024-08-10T03:30:06+00:00,51.42298,34.81205,367.3,77.2,high,Suomi-NPP,synthetic_firms_schema
1723262836,2024-08-10T04:07:16+00:00,51.67233,35.2331,316.9,6.5,nominal,Aqua,synthetic_firms_schema
1723266072,2024-08-10T05:01:12+00:00,51.67428,35.09665,377.7,76.5,nominal,Suomi-NPP,synthetic_firms_schema
1723269085,2024-08-10T05:51:25+00:00,51.29407,35.7655,365.7,13.8,high,NOAA-20,synthetic_firms_schema
1723259310,2024-08-10T03:08:30+00:00,51.50556,35.56519,353.9,22.8,high,Suomi-NPP,synthetic_firms_schema
1723264030,2024-08-10T04:27:10+00:00,51.29474,35.49584,381.3,7.5,nominal,NOAA-20,synthetic_firms_schema
1723260343,2024-08-10T03:25:43+00:00,51.32436,35.37407,370.8,32.7,high,NOAA-20,synthetic_firms_schema
1723269311,2024-08-10T05:55:11+00:00,51.67284,35.28826,331.4,46.1,nominal,NOAA-20,synthetic_firms_schema
1723263959,2024-08-10T04:25:59+00:00,51.46721,34.90887,356.4,68.0,high,NOAA-20,synthetic_firms_schema
1723266232,2024-08-10T05:03:52+00:00,51.72796,36.15392,336.7,61.2,high,Aqua,synthetic_firms_schema
1723267002,2024-08-10T05:16:42+00:00,51.66879,36.16709,383.9,9.6,high,NOAA-20,synthetic_firms_schema
1723265340,2024-08-10T04:49:00+00:00,51.75442,36.22808,374.6,29.9,low,Aqua,synthetic_firms_schema
1723267583,2024-08-10T05:26:23+00:00,51.2756,35.26705,362.4,59.5,high,Suomi-NPP,synthetic_firms_schema
1723262887,2024-08-10T04:08:07+00:00,51.35358,34.8974,383.1,32.1,high,NOAA-20,synthetic_firms_schema
1723264587,2024-08-10T04:36:27+00:00,51.45495,35.56228,332.6,61.8,nominal,Aqua,synthetic_firms_schema
1723259906,2024-08-10T03:18:26+00:00,51.51488,35.60557,340.7,77.4,high,Suomi-NPP,synthetic_firms_schema
1723273774,2024-08-10T07:09:34+00:00,51.24,35.66176,386.6,2.5,high,Aqua,synthetic_firms_schema
1723272685,2024-08-10T06:51:25+00:00,51.50662,34.82882,335.4,64.8,low,NOAA-20,synthetic_firms_schema
1723269849,2024-08-10T06:04:09+00:00,51.24794,35.57679,368.5,49.0,high,NOAA-20,synthetic_firms_schema
1723275836,2024-08-10T07:43:56+00:00,51.27937,35.39631,312.3,11.4,high,NOAA-20,synthetic_firms_schema
1723275174,2024-08-10T07:32:54+00:00,51.71176,36.12642,313.1,34.6,high,Suomi-NPP,synthetic_firms_schema
1723271436,2024-08-10T06:30:36+00:00,51.42988,34.82643,349.6,76.8,high,Suomi-NPP,synthetic_firms_schema
1723280381,2024-08-10T08:59:41+00:00,51.27809,35.6519,338.6,71.8,high,Suomi-NPP,synthetic_firms_schema
1723276741,2024-08-10T07:59:01+00:00,51.25629,35.48305,356.1,23.7,low,NOAA-20,synthetic_firms_schema
1723276849,2024-08-10T08:00:49+00:00,51.38476,34.91079,331.8,69.1,high,NOAA-20,synthetic_firms_schema
1723276654,2024-08-10T07:57:34+00:00,51.25339,35.54069,328.5,20.3,low,Suomi-NPP,synthetic_firms_schema
1723279951,2024-08-10T08:52:31+00:00,51.2122,35.70374,352.6,67.4,nominal,Suomi-NPP,synthetic_firms_schema
1723272067,2024-08-10T06:41:07+00:00,51.7287,36.18648,380.5,29.6,high,NOAA-20,synthetic_firms_schema
1723280103,2024-08-10T08:55:03+00:00,51.18951,35.22105,351.9,51.2,high,Aqua,synthetic_firms_schema
1723277130,2024-08-10T08:05:30+00:00,51.53732,34.89897,355.1,18.1,nominal,NOAA-20,synthetic_firms_schema
1723278321,2024-08-10T08:25:21+00:00,51.64037,35.28358,332.4,75.9,low,Aqua,synthetic_firms_schema
1723275551,2024-08-10T07:39:11+00:00,51.60474,35.18837,329.0,15.2,low,Aqua,synthetic_firms_schema
1723280701,2024-08-10T09:05:01+00:00,51.20965,35.32244,350.8,5.9,high,NOAA-20,synthetic_firms_schema
1723290295,2024-08-10T11:44:55+00:00,51.4186,34.79267,342.1,31.0,high,NOAA-20,synthetic_firms_schema
1723285210,2024-08-10T10:20:10+00:00,51.59122,35.17202,323.7,2.2,high,Suomi-NPP,synthetic_firms_schema
1723289803,2024-08-10T11:36:43+00:00,51.61353,35.38555,318.2,12.7,high,NOAA-20,synthetic_firms_schema
1723283099,2024-08-10T09:44:59+00:00,51.55094,35.09099,378.8,9.5,nominal,NOAA-20,synthetic_firms_schema
1723288160,2024-08-10T11:09:20+00:00,51.17183,35.62413,379.6,20.4,high,Suomi-NPP,synthetic_firms_schema
1723287013,2024-08-10T10:50:13+00:00,51.2982,35.3675,379.4,51.9,high,Aqua,synthetic_firms_schema
1723286608,2024-08-10T10:43:28+00:00,51.47957,35.69695,315.7,31.2,nominal,NOAA-20,synthetic_firms_schema
1723295844,2024-08-10T13:17:24+00:00,51.42623,34.91156,375.1,3.2,high,Aqua,synthetic_firms_schema
1723291514,2024-08-10T12:05:14+00:00,51.75739,36.1538,336.3,31.4,nominal,Aqua,synthetic_firms_schema
1723297536,2024-08-10T13:45:36+00:00,51.62116,35.27299,313.2,8.8,high,Aqua,synthetic_firms_schema
1723295162,2024-08-10T13:06:02+00:00,51.51928,35.62029,342.4,65.8,high,Suomi-NPP,synthetic_firms_schema
1723301865,2024-08-10T14:57:45+00:00,51.54137,35.11247,367.4,9.7,nominal,Aqua,synthetic_firms_schema
1723293166,2024-08-10T12:32:46+00:00,51.65847,35.28529,378.1,65.9,high,Aqua,synthetic_firms_schema
1723295194,2024-08-10T13:06:34+00:00,51.65998,35.30779,338.1,62.8,high,Aqua,synthetic_firms_schema
1723301322,2024-08-10T14:48:42+00:00,51.30844,35.46741,370.0,75.8,high,Aqua,synthetic_firms_schema
1723308761,2024-08-10T16:52:41+00:00,51.42147,34.97258,348.6,32.5,nominal,Aqua,synthetic_firms_schema
1723306040,2024-08-10T16:07:20+00:00,51.25169,35.23045,361.2,3.2,nominal,Aqua,synthetic_firms_schema
1723304286,2024-08-10T15:38:06+00:00,51.58298,35.15087,324.2,21.6,high,Aqua,synthetic_firms_schema
1723303128,2024-08-10T15:18:48+00:00,51.13979,35.58232,354.9,69.6,high,Suomi-NPP,synthetic_firms_schema
1723306573,2024-08-10T16:16:13+00:00,51.30986,35.37376,339.8,71.4,high,Suomi-NPP,synthetic_firms_schema
1723307756,2024-08-10T16:35:56+00:00,51.50679,35.58697,332.1,7.7,low,Suomi-NPP,synthetic_firms_schema
1723312268,2024-08-10T17:51:08+00:00,51.2501,35.3274,386.5,57.6,high,NOAA-20,synthetic_firms_schema
1723302905,2024-08-10T15:15:05+00:00,51.46744,34.79911,349.8,77.3,high,Aqua,synthetic_firms_schema
1723318725,2024-08-10T19:38:45+00:00,51.33028,34.82104,360.4,28.8,high,NOAA-20,synthetic_firms_schema
1723322703,2024-08-10T20:45:03+00:00,51.31458,35.42488,367.8,7.2,high,Aqua,synthetic_firms_schema
1723315476,2024-08-10T18:44:36+00:00,51.51098,35.70676,375.7,49.0,high,Aqua,synthetic_firms_schema
1723321402,2024-08-10T20:23:22+00:00,51.65937,35.25097,319.2,18.5,nominal,Suomi-NPP,synthetic_firms_schema
1723320830,2024-08-10T20:13:50+00:00,51.14688,35.32035,385.8,8.6,nominal,NOAA-20,synthetic_firms_schema
1723322671,2024-08-10T20:44:31+00:00,51.76083,36.23635,375.1,20.6,nominal,Aqua,synthetic_firms_schema
1723323164,2024-08-10T20:52:44+00:00,51.23674,35.50275,352.2,12.3,high,Aqua,synthetic_firms_schema
1723318077,2024-08-10T19:27:57+00:00,51.63486,35.02472,338.5,67.6,high,NOAA-20,synthetic_firms_schema
1723332270,2024-08-10T23:24:30+00:00,51.55308,35.10076,359.8,13.9,low,Suomi-NPP,synthetic_firms_schema
1723332638,2024-08-10T23:30:38+00:00,51.67157,36.17419,387.4,65.4,high,Aqua,synthetic_firms_schema
1723326020,2024-08-10T21:40:20+00:00,51.61799,35.33988,356.6,34.3,high,NOAA-20,synthetic_firms_schema
1723330219,2024-08-10T22:50:19+00:00,51.24254,35.55881,330.5,11.1,low,Suomi-NPP,synthetic_firms_schema
1723325101,2024-08-10T21:25:01+00:00,51.65979,35.24899,364.0,23.0,nominal,Aqua,synthetic_firms_schema
1723330909,2024-08-10T23:01:49+00:00,51.31488,35.16082,360.3,52.6,low,NOAA-20,synthetic_firms_schema
1723326177,2024-08-10T21:42:57+00:00,51.22171,35.66948,314.4,25.7,high,Suomi-NPP,synthetic_firms_schema
1723332997,2024-08-10T23:36:37+00:00,51.21899,35.28861,324.7,64.6,low,Suomi-NPP,synthetic_firms_schema
